{"cameraMode":{"drawMode":0,"name":"Shaded","section":"Shading Mode"},"sceneLighting":false,"audioPlay":false,"sceneViewState":{"showFog":false,"showMaterialUpdate":false,"showSkybox":false,"showFlares":false,"showImageEffects":false,"showParticleSystems":true},"in2DMode":false,"pivot":{"x":12.196274757385254,"y":0.8747066855430603,"z":-6.037463188171387},"rotation":{"x":0.33753731846809389,"y":0.02258678339421749,"z":-0.008106332272291184,"w":0.9410194754600525},"size":57.94035720825195,"orthographic":true}