{"cameraMode":{"drawMode":0,"name":"Shaded","section":"Shading Mode"},"sceneLighting":false,"audioPlay":false,"sceneViewState":{"showFog":false,"showMaterialUpdate":false,"showSkybox":false,"showFlares":false,"showImageEffects":false,"showParticleSystems":true},"in2DMode":false,"pivot":{"x":0.6965384483337402,"y":0.48744237422943118,"z":-5.6370649337768559},"rotation":{"x":0.14945252239704133,"y":0.10656607896089554,"z":-0.016205549240112306,"w":0.9828901290893555},"size":2.8578836917877199,"orthographic":true}