{"cameraMode":{"drawMode":0,"name":"Shaded","section":"Shading Mode"},"sceneLighting":false,"audioPlay":false,"sceneViewState":{"showFog":false,"showMaterialUpdate":false,"showSkybox":false,"showFlares":false,"showImageEffects":false,"showParticleSystems":true},"in2DMode":false,"pivot":{"x":-3.119999885559082,"y":3.9739999771118166,"z":3.0199999809265138},"rotation":{"x":0.09154760092496872,"y":0.8906620144844055,"z":-0.20666413009166718,"w":0.3945437967777252},"size":4.041658401489258,"orthographic":true}