{"cameraMode":{"drawMode":0,"name":"Shaded","section":"Shading Mode"},"sceneLighting":false,"audioPlay":false,"sceneViewState":{"showFog":false,"showMaterialUpdate":false,"showSkybox":false,"showFlares":false,"showImageEffects":false,"showParticleSystems":true},"in2DMode":false,"pivot":{"x":442.5648193359375,"y":183.75851440429688,"z":-27.996347427368165},"rotation":{"x":0.09154760092496872,"y":0.8906620144844055,"z":-0.20666413009166718,"w":0.3945437967777252},"size":1587.33349609375,"orthographic":true}