{"cameraMode":{"drawMode":0,"name":"Shaded","section":"Shading Mode"},"sceneLighting":true,"audioPlay":false,"sceneViewState":{"showFog":false,"showMaterialUpdate":false,"showSkybox":false,"showFlares":false,"showImageEffects":false,"showParticleSystems":true},"in2DMode":false,"pivot":{"x":-4.610301971435547,"y":5.056741714477539,"z":-5.199130058288574},"rotation":{"x":0.11656200885772705,"y":0.05389823019504547,"z":-0.006348187103867531,"w":0.9917182326316834},"size":38.850608825683597,"orthographic":true}