{"cameraMode":{"drawMode":0,"name":"Shaded","section":"Shading Mode"},"sceneLighting":false,"audioPlay":false,"sceneViewState":{"showFog":false,"showMaterialUpdate":false,"showSkybox":false,"showFlares":false,"showImageEffects":false,"showParticleSystems":true},"in2DMode":false,"pivot":{"x":12.196274757385254,"y":0.8747066855430603,"z":-6.037463188171387},"rotation":{"x":0.18796099722385407,"y":0.1930621862411499,"z":-0.03771297261118889,"w":0.9622909426689148},"size":0.42384979128837588,"orthographic":true}